Time,LevelStarted,IKTargetX,IKTargetZ,Valence,LevelNumber,Memory,Category,LevelFailures,LevelTime,PicTime,SelectedTexture,FullScore,HalfScore,Wrong,TargetsToFind,PictureVisible,HintsActive,Score,Columns,Rows
52100.975,1,-0.499,-2.212,0,1,0,Cat_Symbols,0,44,0,NaN,0,0,0,4,0,0,0,5,1
52100.987,1,-0.499,-2.212,0,1,0,Cat_Symbols,0,44,0,NaN,0,0,0,4,0,0,0,5,1
52101.016,1,-0.499,-2.212,0,1,0,Cat_Symbols,0,44,0,NaN,0,0,0,4,0,0,0,5,1
52101.051,1,-0.499,-2.212,0,1,0,Cat_Symbols,0,44,0,NaN,0,0,0,4,0,0,0,5,1
52101.087,1,-0.499,-2.212,0,1,0,Cat_Symbols,0,44,0,NaN,0,0,0,4,0,0,0,5,1
52101.110,1,-0.499,-2.212,0,1,0,Cat_Symbols,0,44,0,NaN,0,0,0,4,0,0,0,5,1
52101.152,1,-0.499,-2.212,0,1,0,Cat_Symbols,0,44,0,NaN,0,0,0,4,0,0,0,5,1
52101.165,1,-0.499,-2.212,0,1,0,Cat_Symbols,0,44,0,NaN,0,0,0,4,0,0,0,5,1
52101.197,1,-0.499,-2.212,0,1,0,Cat_Symbols,0,44,0,NaN,0,0,0,4,0,0,0,5,1
52101.257,1,-0.499,-2.212,0,1,0,Cat_Symbols,0,44,0,NaN,0,0,0,4,0,0,0,5,1
52101.257,1,-0.499,-2.212,0,1,0,Cat_Symbols,0,44,0,NaN,0,0,0,4,0,0,0,5,1
52101.306,1,-0.499,-2.212,0,1,0,Cat_Symbols,0,44,0,NaN,0,0,0,4,0,0,0,5,1
52101.318,1,-0.499,-2.212,0,1,0,Cat_Symbols,0,44,0,NaN,0,0,0,4,0,0,0,5,1
52101.372,1,-0.499,-2.212,0,1,0,Cat_Symbols,0,44,0,NaN,0,0,0,4,0,0,0,5,1
52101.384,1,-0.499,-2.212,0,1,0,Cat_Symbols,0,44,0,NaN,0,0,0,4,0,0,0,5,1
52101.420,1,-0.499,-2.212,0,1,0,Cat_Symbols,0,44,0,NaN,0,0,0,4,0,0,0,5,1
52101.454,1,-0.499,-2.212,0,1,0,Cat_Symbols,0,44,0,NaN,0,0,0,4,0,0,0,5,1
52101.486,1,-0.499,-2.212,0,1,0,Cat_Symbols,0,44,0,NaN,0,0,0,4,0,0,0,5,1
52101.519,1,-0.499,-2.212,0,1,0,Cat_Symbols,0,44,0,NaN,0,0,0,4,0,0,0,5,1
52101.547,1,-0.499,-2.212,0,1,0,Cat_Symbols,0,44,0,NaN,0,0,0,4,0,0,0,5,1
52101.582,1,-0.499,-2.212,0,1,0,Cat_Symbols,0,44,0,NaN,0,0,0,4,0,0,0,5,1
52101.615,1,-0.499,-2.212,0,1,0,Cat_Symbols,0,44,0,NaN,0,0,0,4,0,0,0,5,1
52101.651,1,-0.499,-2.212,0,1,0,Cat_Symbols,0,44,0,NaN,0,0,0,4,0,0,0,5,1
52101.662,1,-0.499,-2.212,0,1,0,Cat_Symbols,0,44,0,NaN,0,0,0,4,0,0,0,5,1
52101.708,1,-0.499,-2.212,0,1,0,Cat_Symbols,0,44,0,NaN,0,0,0,4,0,0,0,5,1
52101.724,1,-0.499,-2.212,0,1,0,Cat_Symbols,0,44,0,NaN,0,0,0,4,0,0,0,5,1
52101.758,1,-0.499,-2.212,0,1,0,Cat_Symbols,0,44,0,NaN,0,0,0,4,0,0,0,5,1
52101.782,1,-0.499,-2.212,0,1,0,Cat_Symbols,0,44,0,NaN,0,0,0,4,0,0,0,5,1
52101.823,1,-0.499,-2.212,0,1,0,Cat_Symbols,0,44,0,NaN,0,0,0,4,0,0,0,5,1
52101.871,1,-0.499,-2.212,0,1,0,Cat_Symbols,0,44,0,NaN,0,0,0,4,0,0,0,5,1
52101.886,1,-0.499,-2.212,0,1,0,Cat_Symbols,0,44,0,NaN,0,0,0,4,0,0,0,5,1
52101.931,1,-0.499,-2.212,0,1,0,Cat_Symbols,0,44,0,NaN,0,0,0,4,0,0,0,5,1
52101.944,1,-0.499,-2.212,0,1,0,Cat_Symbols,0,44,0,NaN,0,0,0,4,0,0,0,5,1
52101.992,1,-0.499,-2.212,0,1,0,Cat_Symbols,0,44,0,NaN,0,0,0,4,0,0,0,5,1
52102.013,1,-0.499,-2.212,0,1,0,Cat_Symbols,0,44,0,NaN,0,0,0,4,0,0,0,5,1
52102.052,1,-0.499,-2.212,0,1,0,Cat_Symbols,0,44,0,NaN,0,0,0,4,0,0,0,5,1
52102.066,1,-0.499,-2.212,0,1,0,Cat_Symbols,0,44,0,NaN,0,0,0,4,0,0,0,5,1
52102.094,1,-0.499,-2.212,0,1,0,Cat_Symbols,0,44,0,NaN,0,0,0,4,0,0,0,5,1
52102.140,1,-0.499,-2.212,0,1,0,Cat_Symbols,0,44,0,NaN,0,0,0,4,0,0,0,5,1
52102.172,1,-0.499,-2.212,0,1,0,Cat_Symbols,0,44,0,NaN,0,0,0,4,0,0,0,5,1
52102.207,1,-0.499,-2.212,0,1,0,Cat_Symbols,0,44,0,NaN,0,0,0,4,0,0,0,5,1
52102.219,1,-0.499,-2.212,0,1,0,Cat_Symbols,0,44,0,NaN,0,0,0,4,0,0,0,5,1
52102.272,1,-0.499,-2.212,0,1,0,Cat_Symbols,0,44,0,NaN,0,0,0,4,0,0,0,5,1
52102.287,1,-0.499,-2.212,0,1,0,Cat_Symbols,0,44,0,NaN,0,0,0,4,0,0,0,5,1
52102.319,1,-0.499,-2.212,0,1,0,Cat_Symbols,0,44,0,NaN,0,0,0,4,0,0,0,5,1
52102.348,1,-0.499,-2.212,0,1,0,Cat_Symbols,0,44,0,NaN,0,0,0,4,0,0,0,5,1
52102.394,1,-0.499,-2.212,0,1,0,Cat_Symbols,0,44,0,NaN,0,0,0,4,0,0,0,5,1
52102.415,1,-0.499,-2.212,0,1,0,Cat_Symbols,0,44,0,NaN,0,0,0,4,0,0,0,5,1
52102.449,1,-0.499,-2.212,0,1,0,Cat_Symbols,0,44,0,NaN,0,0,0,4,0,0,0,5,1
52102.481,1,-0.499,-2.212,0,1,0,Cat_Symbols,0,44,0,NaN,0,0,0,4,0,0,0,5,1
52102.496,1,-0.499,-2.212,0,1,0,Cat_Symbols,0,44,0,NaN,0,0,0,4,0,0,0,5,1
52102.551,1,-0.499,-2.212,0,1,0,Cat_Symbols,0,44,0,NaN,0,0,0,4,0,0,0,5,1
52102.571,1,-0.499,-2.212,0,1,0,Cat_Symbols,0,44,0,NaN,0,0,0,4,0,0,0,5,1
52102.611,1,-0.499,-2.212,0,1,0,Cat_Symbols,0,44,0,NaN,0,0,0,4,0,0,0,5,1
52102.622,1,-0.499,-2.212,0,1,0,Cat_Symbols,0,44,0,NaN,0,0,0,4,0,0,0,5,1
52102.677,1,-0.499,-2.212,0,1,0,Cat_Symbols,0,44,0,NaN,0,0,0,4,0,0,0,5,1
52102.677,1,-0.499,-2.212,0,1,0,Cat_Symbols,0,44,0,NaN,0,0,0,4,0,0,0,5,1
52102.735,1,-0.499,-2.212,0,1,0,Cat_Symbols,0,44,0,NaN,0,0,0,4,0,0,0,5,1
52102.768,1,-0.499,-2.212,0,1,0,Cat_Symbols,0,44,0,NaN,0,0,0,4,0,0,0,5,1
52102.780,1,-0.499,-2.212,0,1,0,Cat_Symbols,0,44,0,NaN,0,0,0,4,0,0,0,5,1
52102.823,1,-0.499,-2.212,0,1,0,Cat_Symbols,0,44,0,NaN,0,0,0,4,0,0,0,5,1
52102.844,1,-0.499,-2.212,0,1,0,Cat_Symbols,0,44,0,NaN,0,0,0,4,0,0,0,5,1
52102.888,1,-0.499,-2.212,0,1,0,Cat_Symbols,0,44,0,NaN,0,0,0,4,0,0,0,5,1
52102.909,1,-0.499,-2.212,0,1,0,Cat_Symbols,0,44,0,NaN,0,0,0,4,0,0,0,5,1
52102.945,1,-0.499,-2.212,0,1,0,Cat_Symbols,0,44,0,NaN,0,0,0,4,0,0,0,5,1
52102.956,1,-0.499,-2.212,0,1,0,Cat_Symbols,0,44,0,NaN,0,0,0,4,0,0,0,5,1
52103.012,1,-0.499,-2.212,0,1,0,Cat_Symbols,0,44,0,NaN,0,0,0,4,0,0,0,5,1
52103.027,1,-0.499,-2.212,0,1,0,Cat_Symbols,0,44,0,NaN,0,0,0,4,0,0,0,5,1
52103.069,1,-0.499,-2.212,0,1,0,Cat_Symbols,0,44,0,NaN,0,0,0,4,0,0,0,5,1
52103.106,1,-0.499,-2.212,0,1,0,Cat_Symbols,0,44,0,NaN,0,0,0,4,0,0,0,5,1
52103.117,1,-0.499,-2.212,0,1,0,Cat_Symbols,0,44,0,NaN,0,0,0,4,0,0,0,5,1
52103.168,1,-0.499,-2.212,0,1,0,Cat_Symbols,0,44,0,NaN,0,0,0,4,0,0,0,5,1
52103.183,1,-0.499,-2.212,0,1,0,Cat_Symbols,0,44,0,NaN,0,0,0,4,0,0,0,5,1
52103.226,1,-0.499,-2.212,0,1,0,Cat_Symbols,0,44,0,NaN,0,0,0,4,0,0,0,5,1
52103.246,1,-0.499,-2.212,0,1,0,Cat_Symbols,0,44,0,NaN,0,0,0,4,0,0,0,5,1
52103.291,1,-0.499,-2.212,0,1,0,Cat_Symbols,0,44,0,NaN,0,0,0,4,0,0,0,5,1
52103.313,1,-0.499,-2.212,0,1,0,Cat_Symbols,0,44,0,NaN,0,0,0,4,0,0,0,5,1
52103.352,1,-0.499,-2.212,0,1,0,Cat_Symbols,0,44,0,NaN,0,0,0,4,0,0,0,5,1
52103.386,1,-0.499,-2.212,0,1,0,Cat_Symbols,0,44,0,NaN,0,0,0,4,0,0,0,5,1
52103.415,1,-0.499,-2.212,0,1,0,Cat_Symbols,0,44,0,NaN,0,0,0,4,0,0,0,5,1
52103.447,1,-0.499,-2.212,0,1,0,Cat_Symbols,0,44,0,NaN,0,0,0,4,0,0,0,5,1
52103.469,1,-0.499,-2.212,0,1,0,Cat_Symbols,0,44,0,NaN,0,0,0,4,0,0,0,5,1
52103.503,1,-0.499,-2.212,0,1,0,Cat_Symbols,0,44,0,NaN,0,0,0,4,0,0,0,5,1
52103.515,1,-0.499,-2.212,0,1,0,Cat_Symbols,0,44,0,NaN,0,0,0,4,0,0,0,5,1
52103.558,1,-0.499,-2.212,0,1,0,Cat_Symbols,0,44,0,NaN,0,0,0,4,0,0,0,5,1
52103.580,1,-0.499,-2.212,0,1,0,Cat_Symbols,0,44,0,NaN,0,0,0,4,0,0,0,5,1
52103.623,1,-0.499,-2.212,0,1,0,Cat_Symbols,0,44,0,NaN,0,0,0,4,0,0,0,5,1
52103.643,1,-0.499,-2.212,0,1,0,Cat_Symbols,0,44,0,NaN,0,0,0,4,0,0,0,5,1
52103.696,1,-0.499,-2.212,0,1,0,Cat_Symbols,0,44,0,NaN,0,0,0,4,0,0,0,5,1
52103.730,1,-0.499,-2.212,0,1,0,Cat_Symbols,0,44,0,NaN,0,0,0,4,0,0,0,5,1
52103.743,1,-0.499,-2.212,0,1,0,Cat_Symbols,0,44,0,NaN,0,0,0,4,0,0,0,5,1
52103.788,1,-0.499,-2.212,0,1,0,Cat_Symbols,0,44,0,NaN,0,0,0,4,0,0,0,5,1
52103.810,1,-0.499,-2.212,0,1,0,Cat_Symbols,0,44,0,NaN,0,0,0,4,0,0,0,5,1
52103.846,1,-0.499,-2.212,0,1,0,Cat_Symbols,0,44,0,NaN,0,0,0,4,0,0,0,5,1
52103.868,1,-0.499,-2.212,0,1,0,Cat_Symbols,0,44,0,NaN,0,0,0,4,0,0,0,5,1
52103.900,1,-0.499,-2.212,0,1,0,Cat_Symbols,0,44,0,NaN,0,0,0,4,0,0,0,5,1
52103.934,1,-0.499,-2.212,0,1,0,Cat_Symbols,0,44,0,NaN,0,0,0,4,0,0,0,5,1
52103.974,1,-0.499,-2.212,0,1,0,Cat_Symbols,0,44,0,NaN,0,0,0,4,0,0,0,5,1
52104.009,1,-0.499,-2.212,0,1,0,Cat_Symbols,0,44,0,NaN,0,0,0,4,0,0,0,5,1
52104.021,1,-0.499,-2.212,0,1,0,Cat_Symbols,0,44,0,NaN,0,0,0,4,0,0,0,5,1
52104.076,1,-0.499,-2.212,0,1,0,Cat_Symbols,0,44,0,NaN,0,0,0,4,0,0,0,5,1
52104.087,1,-0.499,-2.212,0,1,0,Cat_Symbols,0,44,0,NaN,0,0,0,4,0,0,0,5,1
52104.131,1,-0.499,-2.212,0,1,0,Cat_Symbols,0,44,0,NaN,0,0,0,4,0,0,0,5,1
52104.146,1,-0.499,-2.212,0,1,0,Cat_Symbols,0,44,0,NaN,0,0,0,4,0,0,0,5,1
52104.191,1,-0.499,-2.212,0,1,0,Cat_Symbols,0,44,0,NaN,0,0,0,4,0,0,0,5,1
52104.213,1,-0.499,-2.212,0,1,0,Cat_Symbols,0,44,0,NaN,0,0,0,4,0,0,0,5,1
52104.248,1,-0.499,-2.212,0,1,0,Cat_Symbols,0,44,0,NaN,0,0,0,4,0,0,0,5,1
52104.270,1,-0.499,-2.212,0,1,0,Cat_Symbols,0,44,0,NaN,0,0,0,4,0,0,0,5,1
52104.305,1,-0.499,-2.212,0,1,0,Cat_Symbols,0,44,0,NaN,0,0,0,4,0,0,0,5,1
52104.350,1,-0.499,-2.212,0,1,0,Cat_Symbols,0,44,0,NaN,0,0,0,4,0,0,0,5,1
52104.375,1,-0.499,-2.212,0,1,0,Cat_Symbols,0,44,0,NaN,0,0,0,4,0,0,0,5,1
52104.407,1,-0.499,-2.212,0,1,0,Cat_Symbols,0,44,0,NaN,0,0,0,4,0,0,0,5,1
52104.429,1,-0.499,-2.212,0,1,0,Cat_Symbols,0,44,0,NaN,0,0,0,4,0,0,0,5,1
52104.462,1,-0.499,-2.212,0,1,0,Cat_Symbols,0,44,0,NaN,0,0,0,4,0,0,0,5,1
52104.487,1,-0.499,-2.212,0,1,0,Cat_Symbols,0,44,0,NaN,0,0,0,4,0,0,0,5,1
52104.531,1,-0.499,-2.212,0,1,0,Cat_Symbols,0,44,0,NaN,0,0,0,4,0,0,0,5,1
52104.542,1,-0.499,-2.212,0,1,0,Cat_Symbols,0,44,0,NaN,0,0,0,4,0,0,0,5,1
52104.590,1,-0.499,-2.212,0,1,0,Cat_Symbols,0,44,0,NaN,0,0,0,4,0,0,0,5,1
52104.623,1,-0.499,-2.212,0,1,0,Cat_Symbols,0,44,0,NaN,0,0,0,4,0,0,0,5,1
52104.639,1,-0.499,-2.212,0,1,0,Cat_Symbols,0,44,0,NaN,0,0,0,4,0,0,0,5,1
52104.695,1,-0.499,-2.212,0,1,0,Cat_Symbols,0,44,0,NaN,0,0,0,4,0,0,0,5,1
52104.695,1,-0.499,-2.212,0,1,0,Cat_Symbols,0,44,0,NaN,0,0,0,4,0,0,0,5,1
52104.741,1,-0.499,-2.212,0,1,0,Cat_Symbols,0,44,0,NaN,0,0,0,4,0,0,0,5,1
52104.774,1,-0.499,-2.212,0,1,0,Cat_Symbols,0,44,0,NaN,0,0,0,4,0,0,0,5,1
52104.814,1,-0.499,-2.212,0,1,0,Cat_Symbols,0,44,0,NaN,0,0,0,4,0,0,0,5,1
52104.837,1,-0.499,-2.212,0,1,0,Cat_Symbols,0,44,0,NaN,0,0,0,4,0,0,0,5,1
52104.868,1,-0.499,-2.212,0,1,0,Cat_Symbols,0,44,0,NaN,0,0,0,4,0,0,0,5,1
52104.890,1,-0.499,-2.212,0,1,0,Cat_Symbols,0,44,0,NaN,0,0,0,4,0,0,0,5,1
52104.929,1,-0.499,-2.212,0,1,0,Cat_Symbols,0,44,0,NaN,0,0,0,4,0,0,0,5,1
52104.976,1,-0.499,-2.212,0,1,0,Cat_Symbols,0,44,0,NaN,0,0,0,4,0,0,0,5,1
52104.991,1,-0.499,-2.212,0,1,0,Cat_Symbols,0,44,0,NaN,0,0,0,4,0,0,0,5,1
52105.023,1,-0.499,-2.212,0,1,0,Cat_Symbols,0,44,0,NaN,0,0,0,4,0,0,0,5,1
52105.045,1,-0.499,-2.212,0,1,0,Cat_Symbols,0,44,0,NaN,0,0,0,4,0,0,0,5,1
52105.078,1,-0.499,-2.212,0,1,0,Cat_Symbols,0,44,0,NaN,0,0,0,4,0,0,0,5,1
52105.114,1,-0.499,-2.212,0,1,0,Cat_Symbols,0,44,0,NaN,0,0,0,4,0,0,0,5,1
52105.146,1,-0.499,-2.212,0,1,0,Cat_Symbols,0,44,0,NaN,0,0,0,4,0,0,0,5,1
52105.167,1,-0.499,-2.212,0,1,0,Cat_Symbols,0,44,0,NaN,0,0,0,4,0,0,0,5,1
52105.211,1,-0.499,-2.212,0,1,0,Cat_Symbols,0,44,0,NaN,0,0,0,4,0,0,0,5,1
52105.244,1,-0.499,-2.212,0,1,0,Cat_Symbols,0,44,0,NaN,0,0,0,4,0,0,0,5,1
52105.266,1,-0.499,-2.212,0,1,0,Cat_Symbols,0,44,0,NaN,0,0,0,4,0,0,0,5,1
52105.313,1,-0.499,-2.212,0,1,0,Cat_Symbols,0,44,0,NaN,0,0,0,4,0,0,0,5,1
52105.324,1,-0.499,-2.212,0,1,0,Cat_Symbols,0,44,0,NaN,0,0,0,4,0,0,0,5,1
52105.357,1,-0.499,-2.212,0,1,0,Cat_Symbols,0,44,0,NaN,0,0,0,4,0,0,0,5,1
52105.390,1,-0.499,-2.212,0,1,0,Cat_Symbols,0,44,0,NaN,0,0,0,4,0,0,0,5,1
52105.425,1,-0.499,-2.212,0,1,0,Cat_Symbols,0,44,0,NaN,0,0,0,4,0,0,0,5,1
52105.449,1,-0.499,-2.212,0,1,0,Cat_Symbols,0,44,0,NaN,0,0,0,4,0,0,0,5,1
52105.478,1,-0.499,-2.212,0,1,0,Cat_Symbols,0,44,0,NaN,0,0,0,4,0,0,0,5,1
52105.511,1,-0.499,-2.212,0,1,0,Cat_Symbols,0,44,0,NaN,0,0,0,4,0,0,0,5,1
52105.545,1,-0.499,-2.212,0,1,0,Cat_Symbols,0,44,0,NaN,0,0,0,4,0,0,0,5,1
52105.578,1,-0.499,-2.212,0,1,0,Cat_Symbols,0,44,0,NaN,0,0,0,4,0,0,0,5,1
52105.616,1,-0.499,-2.212,0,1,0,Cat_Symbols,0,44,0,NaN,0,0,0,4,0,0,0,5,1
52105.637,1,-0.499,-2.212,0,1,0,Cat_Symbols,0,44,0,NaN,0,0,0,4,0,0,0,5,1
52105.669,1,-0.499,-2.212,0,1,0,Cat_Symbols,0,44,0,NaN,0,0,0,4,0,0,0,5,1
52105.714,1,-0.499,-2.212,0,1,0,Cat_Symbols,0,44,0,NaN,0,0,0,4,0,0,0,5,1
52105.726,1,-0.499,-2.212,0,1,0,Cat_Symbols,0,44,0,NaN,0,0,0,4,0,0,0,5,1
52105.762,1,-0.499,-2.212,0,1,0,Cat_Symbols,0,44,0,NaN,0,0,0,4,0,0,0,5,1
52105.787,1,-0.499,-2.212,0,1,0,Cat_Symbols,0,44,0,NaN,0,0,0,4,0,0,0,5,1
52105.824,1,-0.499,-2.212,0,1,0,Cat_Symbols,0,44,0,NaN,0,0,0,4,0,0,0,5,1
52105.869,1,-0.499,-2.212,0,1,0,Cat_Symbols,0,44,0,NaN,0,0,0,4,0,0,0,5,1
52105.881,1,-0.499,-2.212,0,1,0,Cat_Symbols,0,44,0,NaN,0,0,0,4,0,0,0,5,1
52105.937,1,-0.499,-2.212,0,1,0,Cat_Symbols,0,44,0,NaN,0,0,0,4,0,0,0,5,1
52105.949,1,-0.499,-2.212,0,1,0,Cat_Symbols,0,44,0,NaN,0,0,0,4,0,0,0,5,1
52105.982,1,-0.499,-2.212,0,1,0,Cat_Symbols,0,44,0,NaN,0,0,0,4,0,0,0,5,1
52105.982,1,-0.499,-2.212,0,1,0,Cat_Symbols,0,44,0,NaN,0,0,0,4,0,0,0,5,1
52106.050,1,-0.499,-2.212,0,1,0,Cat_Symbols,0,44,0,NaN,0,0,0,4,0,0,0,5,1
52106.076,1,-0.499,-2.212,0,1,0,Cat_Symbols,0,44,0,NaN,0,0,0,4,0,0,0,5,1
52106.109,1,-0.499,-2.212,0,1,0,Cat_Symbols,0,44,0,NaN,0,0,0,4,0,0,0,5,1
52106.121,1,-0.499,-2.212,0,1,0,Cat_Symbols,0,44,0,NaN,0,0,0,4,0,0,0,5,1
52106.175,1,-0.499,-2.212,0,1,0,Cat_Symbols,0,44,0,NaN,0,0,0,4,0,0,0,5,1
52106.207,1,-0.499,-2.212,0,1,0,Cat_Symbols,0,44,0,NaN,0,0,0,4,0,0,0,5,1
52106.219,1,-0.499,-2.212,0,1,0,Cat_Symbols,0,44,0,NaN,0,0,0,4,0,0,0,5,1
52106.256,1,-0.499,-2.212,0,1,0,Cat_Symbols,0,44,0,NaN,0,0,0,4,0,0,0,5,1
52106.285,1,-0.499,-2.212,0,1,0,Cat_Symbols,0,44,0,NaN,0,0,0,4,0,0,0,5,1
52106.317,1,-0.499,-2.212,0,1,0,Cat_Symbols,0,44,0,NaN,0,0,0,4,0,0,0,5,1
52106.351,1,-0.499,-2.212,0,1,0,Cat_Symbols,0,44,0,NaN,0,0,0,4,0,0,0,5,1
52106.394,1,-0.499,-2.212,0,1,0,Cat_Symbols,0,44,0,NaN,0,0,0,4,0,0,0,5,1
52106.409,1,-0.499,-2.212,0,1,0,Cat_Symbols,0,44,0,NaN,0,0,0,4,0,0,0,5,1
52106.444,1,-0.499,-2.212,0,1,0,Cat_Symbols,0,44,0,NaN,0,0,0,4,0,0,0,5,1
52106.497,1,-0.499,-2.212,0,1,0,Cat_Symbols,0,44,0,NaN,0,0,0,4,0,0,0,5,1
52106.508,1,-0.499,-2.212,0,1,0,Cat_Symbols,0,44,0,NaN,0,0,0,4,0,0,0,5,1
52106.546,1,-0.499,-2.212,0,1,0,Cat_Symbols,0,44,0,NaN,0,0,0,4,0,0,0,5,1
52106.562,1,-0.499,-2.212,0,1,0,Cat_Symbols,0,44,0,NaN,0,0,0,4,0,0,0,5,1
52106.606,1,-0.499,-2.212,0,1,0,Cat_Symbols,0,44,0,NaN,0,0,0,4,0,0,0,5,1
52106.618,1,-0.499,-2.212,0,1,0,Cat_Symbols,0,44,0,NaN,0,0,0,4,0,0,0,5,1
52106.675,1,-0.499,-2.212,0,1,0,Cat_Symbols,0,44,0,NaN,0,0,0,4,0,0,0,5,1
52106.687,1,-0.499,-2.212,0,1,0,Cat_Symbols,0,44,0,NaN,0,0,0,4,0,0,0,5,1
52106.732,1,-0.499,-2.212,0,1,0,Cat_Symbols,0,44,0,NaN,0,0,0,4,0,0,0,5,1
52106.744,1,-0.499,-2.212,0,1,0,Cat_Symbols,0,44,0,NaN,0,0,0,4,0,0,0,5,1
52106.776,1,-0.499,-2.212,0,1,0,Cat_Symbols,0,44,0,NaN,0,0,0,4,0,0,0,5,1
52106.826,1,-0.499,-2.212,0,1,0,Cat_Symbols,0,44,0,NaN,0,0,0,4,0,0,0,5,1
52106.841,1,-0.499,-2.212,0,1,0,Cat_Symbols,0,44,0,NaN,0,0,0,4,0,0,0,5,1
52106.879,1,-0.499,-2.212,0,1,0,Cat_Symbols,0,44,0,NaN,0,0,0,4,0,0,0,5,1
52106.910,1,-0.499,-2.212,0,1,0,Cat_Symbols,0,44,0,NaN,0,0,0,4,0,0,0,5,1
52106.943,1,-0.499,-2.212,0,1,0,Cat_Symbols,0,44,0,NaN,0,0,0,4,0,0,0,5,1
52106.975,1,-0.499,-2.212,0,1,0,Cat_Symbols,0,44,0,NaN,0,0,0,4,0,0,0,5,1
52107.008,1,-0.499,-2.212,0,1,0,Cat_Symbols,0,44,0,NaN,0,0,0,4,0,0,0,5,1
52107.020,1,-0.499,-2.212,0,1,0,Cat_Symbols,0,44,0,NaN,0,0,0,4,0,0,0,5,1
52107.058,1,-0.499,-2.212,0,1,0,Cat_Symbols,0,44,0,NaN,0,0,0,4,0,0,0,5,1
52107.114,1,-0.499,-2.212,0,1,0,Cat_Symbols,0,44,0,NaN,0,0,0,4,0,0,0,5,1
52107.135,1,-0.499,-2.212,0,1,0,Cat_Symbols,0,44,0,NaN,0,0,0,4,0,0,0,5,1
52107.157,1,-0.499,-2.212,0,1,0,Cat_Symbols,0,44,0,NaN,0,0,0,4,0,0,0,5,1
52107.193,1,-0.499,-2.212,0,1,0,Cat_Symbols,0,44,0,NaN,0,0,0,4,0,0,0,5,1
52107.224,1,-0.499,-2.212,0,1,0,Cat_Symbols,0,44,0,NaN,0,0,0,4,0,0,0,5,1
52107.247,1,-0.499,-2.212,0,1,0,Cat_Symbols,0,44,0,NaN,0,0,0,4,0,0,0,5,1
52107.292,1,-0.499,-2.212,0,1,0,Cat_Symbols,0,44,0,NaN,0,0,0,4,0,0,0,5,1
52107.315,1,-0.499,-2.212,0,1,0,Cat_Symbols,0,44,0,NaN,0,0,0,4,0,0,0,5,1
52107.349,1,-0.499,-2.212,0,1,0,Cat_Symbols,0,44,0,NaN,0,0,0,4,0,0,0,5,1
52107.349,1,-0.499,-2.212,0,1,0,Cat_Symbols,0,44,0,NaN,0,0,0,4,0,0,0,5,1
52107.401,1,-0.499,-2.212,0,1,0,Cat_Symbols,0,44,0,NaN,0,0,0,4,0,0,0,5,1
52107.439,1,-0.499,-2.212,0,1,0,Cat_Symbols,0,44,0,NaN,0,0,0,4,0,0,0,5,1
52107.439,1,-0.499,-2.212,0,1,0,Cat_Symbols,0,44,0,NaN,0,0,0,4,0,0,0,5,1
52107.439,1,-0.499,-2.212,0,1,0,Cat_Symbols,0,44,0,NaN,0,0,0,4,0,0,0,5,1
52107.439,1,-0.499,-2.212,0,1,0,Cat_Symbols,0,44,0,NaN,0,0,0,4,0,0,0,5,1
52107.543,1,-0.499,-2.212,0,1,0,Cat_Symbols,0,44,0,NaN,0,0,0,4,0,0,0,5,1
52107.543,1,-0.499,-2.212,0,1,0,Cat_Symbols,0,44,0,NaN,0,0,0,4,0,0,0,5,1
52107.543,1,-0.499,-2.212,0,1,0,Cat_Symbols,0,44,0,NaN,0,0,0,4,0,0,0,5,1
52107.543,1,-0.499,-2.212,0,1,0,Cat_Symbols,0,44,0,NaN,0,0,0,4,0,0,0,5,1
52107.665,1,-0.499,-2.212,0,1,0,Cat_Symbols,0,44,0,NaN,0,0,0,4,0,0,0,5,1
52107.665,1,-0.499,-2.212,0,1,0,Cat_Symbols,0,44,0,NaN,0,0,0,4,0,0,0,5,1
52107.665,1,-0.499,-2.212,0,1,0,Cat_Symbols,0,44,0,NaN,0,0,0,4,0,0,0,5,1
52107.769,1,-0.499,-2.212,0,1,0,Cat_Symbols,0,44,0,NaN,0,0,0,4,0,0,0,5,1
52107.769,1,-0.499,-2.212,0,1,0,Cat_Symbols,0,44,0,NaN,0,0,0,4,0,0,0,5,1
52107.769,1,-0.499,-2.212,0,1,0,Cat_Symbols,0,44,0,NaN,0,0,0,4,0,0,0,5,1
52107.769,1,-0.499,-2.212,0,1,0,Cat_Symbols,0,44,0,NaN,0,0,0,4,0,0,0,5,1
52107.889,1,-0.499,-2.212,0,1,0,Cat_Symbols,0,44,0,NaN,0,0,0,4,0,0,0,5,1
52107.889,1,-0.499,-2.212,0,1,0,Cat_Symbols,0,44,0,NaN,0,0,0,4,0,0,0,5,1
52107.889,1,-0.499,-2.212,0,1,0,Cat_Symbols,0,44,0,NaN,0,0,0,4,0,0,0,5,1
52107.889,1,-0.499,-2.212,0,1,0,Cat_Symbols,0,44,0,NaN,0,0,0,4,0,0,0,5,1
52108.000,1,-0.499,-2.212,0,1,0,Cat_Symbols,0,44,0,NaN,0,0,0,4,0,0,0,5,1
52108.000,1,-0.499,-2.212,0,1,0,Cat_Symbols,0,44,0,NaN,0,0,0,4,0,0,0,5,1
52108.000,1,-0.499,-2.212,0,1,0,Cat_Symbols,0,44,0,NaN,0,0,0,4,0,0,0,5,1
52108.121,1,-0.499,-2.212,0,1,0,Cat_Symbols,0,44,0,NaN,0,0,0,4,0,0,0,5,1
52108.121,1,-0.499,-2.212,0,1,0,Cat_Symbols,0,44,0,NaN,0,0,0,4,0,0,0,5,1
52108.121,1,-0.499,-2.212,0,1,0,Cat_Symbols,0,44,0,NaN,0,0,0,4,0,0,0,5,1
52108.121,1,-0.499,-2.212,0,1,0,Cat_Symbols,0,44,0,NaN,0,0,0,4,0,0,0,5,1
52108.225,1,-0.499,-2.212,0,1,0,Cat_Symbols,0,44,0,NaN,0,0,0,4,0,0,0,5,1
52108.225,1,-0.499,-2.212,0,1,0,Cat_Symbols,0,44,0,NaN,0,0,0,4,0,0,0,5,1
52108.225,1,-0.499,-2.212,0,1,0,Cat_Symbols,0,44,0,NaN,0,0,0,4,0,0,0,5,1
52108.343,1,-0.499,-2.212,0,1,0,Cat_Symbols,0,44,0,NaN,0,0,0,4,0,0,0,5,1
52108.343,1,-0.499,-2.212,0,1,0,Cat_Symbols,0,44,0,NaN,0,0,0,4,0,0,0,5,1
52108.343,1,-0.499,-2.212,0,1,0,Cat_Symbols,0,44,0,NaN,0,0,0,4,0,0,0,5,1
52108.343,1,-0.499,-2.212,0,1,0,Cat_Symbols,0,44,0,NaN,0,0,0,4,0,0,0,5,1
52108.447,1,-0.499,-2.212,0,1,0,Cat_Symbols,0,44,0,NaN,0,0,0,4,0,0,0,5,1
52108.447,1,-0.499,-2.212,0,1,0,Cat_Symbols,0,44,0,NaN,0,0,0,4,0,0,0,5,1
52108.447,1,-0.499,-2.212,0,1,0,Cat_Symbols,0,44,0,NaN,0,0,0,4,0,0,0,5,1
52108.447,1,-0.499,-2.212,0,1,0,Cat_Symbols,0,44,0,NaN,0,0,0,4,0,0,0,5,1
52108.563,1,-0.499,-2.212,0,1,0,Cat_Symbols,0,44,0,NaN,0,0,0,4,0,0,0,5,1
52108.563,1,-0.499,-2.212,0,1,0,Cat_Symbols,0,44,0,NaN,0,0,0,4,0,0,0,5,1
52108.563,1,-0.499,-2.212,0,1,0,Cat_Symbols,0,44,0,NaN,0,0,0,4,0,0,0,5,1
52108.673,1,-0.499,-2.212,0,1,0,Cat_Symbols,0,44,0,NaN,0,0,0,4,0,0,0,5,1
52108.673,1,-0.499,-2.212,0,1,0,Cat_Symbols,0,44,0,NaN,0,0,0,4,0,0,0,5,1
52108.673,1,-0.499,-2.212,0,1,0,Cat_Symbols,0,44,0,NaN,0,0,0,4,0,0,0,5,1
52108.673,1,-0.499,-2.212,0,1,0,Cat_Symbols,0,44,0,NaN,0,0,0,4,0,0,0,5,1
52108.788,1,-0.499,-2.212,0,1,0,Cat_Symbols,0,44,0,NaN,0,0,0,4,0,0,0,5,1
52108.788,1,-0.499,-2.212,0,1,0,Cat_Symbols,0,44,0,NaN,0,0,0,4,0,0,0,5,1
52108.788,1,-0.499,-2.212,0,1,0,Cat_Symbols,0,44,0,NaN,0,0,0,4,0,0,0,5,1
52108.892,1,-0.499,-2.212,0,1,0,Cat_Symbols,0,44,0,NaN,0,0,0,4,0,0,0,5,1
52108.892,1,-0.499,-2.212,0,1,0,Cat_Symbols,0,44,0,NaN,0,0,0,4,0,0,0,5,1
52108.892,1,-0.499,-2.212,0,1,0,Cat_Symbols,0,44,0,NaN,0,0,0,4,0,0,0,5,1
52108.892,1,-0.499,-2.212,0,1,0,Cat_Symbols,0,44,0,NaN,0,0,0,4,0,0,0,5,1
52109.008,1,-0.499,-2.212,0,1,0,Cat_Symbols,0,44,0,NaN,0,0,0,4,0,0,0,5,1
52109.008,1,-0.499,-2.212,0,1,0,Cat_Symbols,0,44,0,NaN,0,0,0,4,0,0,0,5,1
52109.008,1,-0.499,-2.212,0,1,0,Cat_Symbols,0,44,0,NaN,0,0,0,4,0,0,0,5,1
52109.112,1,-0.499,-2.212,0,1,0,Cat_Symbols,0,44,0,NaN,0,0,0,4,0,0,0,5,1
52109.112,1,-0.499,-2.212,0,1,0,Cat_Symbols,0,44,0,NaN,0,0,0,4,0,0,0,5,1
52109.112,1,-0.499,-2.212,0,1,0,Cat_Symbols,0,44,0,NaN,0,0,0,4,0,0,0,5,1
52109.112,1,-0.499,-2.212,0,1,0,Cat_Symbols,0,44,0,NaN,0,0,0,4,0,0,0,5,1
52109.228,1,-0.499,-2.212,0,1,0,Cat_Symbols,0,44,0,NaN,0,0,0,4,0,0,0,5,1
52109.228,1,-0.499,-2.212,0,1,0,Cat_Symbols,0,44,0,NaN,0,0,0,4,0,0,0,5,1
52109.228,1,-0.499,-2.212,0,1,0,Cat_Symbols,0,44,0,NaN,0,0,0,4,0,0,0,5,1
52109.228,1,-0.499,-2.212,0,1,0,Cat_Symbols,0,44,0,NaN,0,0,0,4,0,0,0,5,1
52109.339,1,-0.499,-2.212,0,1,0,Cat_Symbols,0,44,0,NaN,0,0,0,4,0,0,0,5,1
52109.339,1,-0.499,-2.212,0,1,0,Cat_Symbols,0,44,0,NaN,0,0,0,4,0,0,0,5,1
52109.339,1,-0.499,-2.212,0,1,0,Cat_Symbols,0,44,0,NaN,0,0,0,4,0,0,0,5,1
52109.456,1,-0.499,-2.212,0,1,0,Cat_Symbols,0,44,0,NaN,0,0,0,4,0,0,0,5,1
52109.456,1,-0.499,-2.212,0,1,0,Cat_Symbols,0,44,0,NaN,0,0,0,4,0,0,0,5,1
52109.456,1,-0.499,-2.212,0,1,0,Cat_Symbols,0,44,0,NaN,0,0,0,4,0,0,0,5,1
52109.456,1,-0.499,-2.212,0,1,0,Cat_Symbols,0,44,0,NaN,0,0,0,4,0,0,0,5,1
52109.560,1,-0.499,-2.212,0,1,0,Cat_Symbols,0,44,0,NaN,0,0,0,4,0,0,0,5,1
52109.560,1,-0.499,-2.212,0,1,0,Cat_Symbols,0,44,0,NaN,0,0,0,4,0,0,0,5,1
52109.560,1,-0.499,-2.212,0,1,0,Cat_Symbols,0,44,0,NaN,0,0,0,4,0,0,0,5,1
52109.676,1,-0.499,-2.212,0,1,0,Cat_Symbols,0,44,0,NaN,0,0,0,4,0,0,0,5,1
52109.676,1,-0.499,-2.212,0,1,0,Cat_Symbols,0,44,0,NaN,0,0,0,4,0,0,0,5,1
52109.676,1,-0.499,-2.212,0,1,0,Cat_Symbols,0,44,0,NaN,0,0,0,4,0,0,0,5,1
52109.676,1,-0.499,-2.212,0,1,0,Cat_Symbols,0,44,0,NaN,0,0,0,4,0,0,0,5,1
52109.782,1,-0.499,-2.212,0,1,0,Cat_Symbols,0,44,0,NaN,0,0,0,4,0,0,0,5,1
52109.782,1,-0.499,-2.212,0,1,0,Cat_Symbols,0,44,0,NaN,0,0,0,4,0,0,0,5,1
52109.782,1,-0.499,-2.212,0,1,0,Cat_Symbols,0,44,0,NaN,0,0,0,4,0,0,0,5,1
52109.898,1,-0.499,-2.212,0,1,0,Cat_Symbols,0,44,0,NaN,0,0,0,4,0,0,0,5,1
52109.898,1,-0.499,-2.212,0,1,0,Cat_Symbols,0,44,0,NaN,0,0,0,4,0,0,0,5,1
52109.898,1,-0.499,-2.212,0,1,0,Cat_Symbols,0,44,0,NaN,0,0,0,4,0,0,0,5,1
52109.898,1,-0.499,-2.212,0,1,0,Cat_Symbols,0,44,0,NaN,0,0,0,4,0,0,0,5,1
52110.017,1,-0.499,-2.212,0,1,0,Cat_Symbols,0,44,0,NaN,0,0,0,4,0,0,0,5,1
52110.017,1,-0.499,-2.212,0,1,0,Cat_Symbols,0,44,0,NaN,0,0,0,4,0,0,0,5,1
52110.017,1,-0.499,-2.212,0,1,0,Cat_Symbols,0,44,0,NaN,0,0,0,4,0,0,0,5,1
52110.017,1,-0.499,-2.212,0,1,0,Cat_Symbols,0,44,0,NaN,0,0,0,4,0,0,0,5,1
52110.133,1,-0.499,-2.212,0,1,0,Cat_Symbols,0,44,0,NaN,0,0,0,4,0,0,0,5,1
52110.133,1,-0.499,-2.212,0,1,0,Cat_Symbols,0,44,0,NaN,0,0,0,4,0,0,0,5,1
52110.133,1,-0.499,-2.212,0,1,0,Cat_Symbols,0,44,0,NaN,0,0,0,4,0,0,0,5,1
52110.236,1,-0.499,-2.212,0,1,0,Cat_Symbols,0,44,0,NaN,0,0,0,4,0,0,0,5,1
52110.236,1,-0.499,-2.212,0,1,0,Cat_Symbols,0,44,0,NaN,0,0,0,4,0,0,0,5,1
52110.236,1,-0.499,-2.212,0,1,0,Cat_Symbols,0,44,0,NaN,0,0,0,4,0,0,0,5,1
52110.236,1,-0.499,-2.212,0,1,0,Cat_Symbols,0,44,0,NaN,0,0,0,4,0,0,0,5,1
52110.352,1,-0.499,-2.212,0,1,0,Cat_Symbols,0,44,0,NaN,0,0,0,4,0,0,0,5,1
52110.352,1,-0.499,-2.212,0,1,0,Cat_Symbols,0,44,0,NaN,0,0,0,4,0,0,0,5,1
52110.352,1,-0.499,-2.212,0,1,0,Cat_Symbols,0,44,0,NaN,0,0,0,4,0,0,0,5,1
52110.455,1,-0.499,-2.212,0,1,0,Cat_Symbols,0,44,0,NaN,0,0,0,4,0,0,0,5,1
52110.455,1,-0.499,-2.212,0,1,0,Cat_Symbols,0,44,0,NaN,0,0,0,4,0,0,0,5,1
52110.455,1,-0.499,-2.212,0,1,0,Cat_Symbols,0,44,0,NaN,0,0,0,4,0,0,0,5,1
52110.455,1,-0.499,-2.212,0,1,0,Cat_Symbols,0,44,0,NaN,0,0,0,4,0,0,0,5,1
52110.574,1,-0.499,-2.212,0,1,0,Cat_Symbols,0,44,0,NaN,0,0,0,4,0,0,0,5,1
52110.574,1,-0.499,-2.212,0,1,0,Cat_Symbols,0,44,0,NaN,0,0,0,4,0,0,0,5,1
52110.574,1,-0.499,-2.212,0,1,0,Cat_Symbols,0,44,0,NaN,0,0,0,4,0,0,0,5,1
52110.574,1,-0.499,-2.212,0,1,0,Cat_Symbols,0,44,0,NaN,0,0,0,4,0,0,0,5,1
52110.693,1,-0.499,-2.212,0,1,0,Cat_Symbols,0,44,0,NaN,0,0,0,4,0,0,0,5,1
52110.693,1,-0.499,-2.212,0,1,0,Cat_Symbols,0,44,0,NaN,0,0,0,4,0,0,0,5,1
52110.693,1,-0.499,-2.212,0,1,0,Cat_Symbols,0,44,0,NaN,0,0,0,4,0,0,0,5,1
52110.693,1,-0.499,-2.212,0,1,0,Cat_Symbols,0,44,0,NaN,0,0,0,4,0,0,0,5,1
52110.809,1,-0.499,-2.212,0,1,0,Cat_Symbols,0,44,0,NaN,0,0,0,4,0,0,0,5,1
52110.809,1,-0.499,-2.212,0,1,0,Cat_Symbols,0,44,0,NaN,0,0,0,4,0,0,0,5,1
52110.809,1,-0.499,-2.212,0,1,0,Cat_Symbols,0,44,0,NaN,0,0,0,4,0,0,0,5,1
52110.809,1,-0.499,-2.212,0,1,0,Cat_Symbols,0,44,0,NaN,0,0,0,4,0,0,0,5,1
52110.921,1,-0.499,-2.212,0,1,0,Cat_Symbols,0,44,0,NaN,0,0,0,4,0,0,0,5,1
52110.921,1,-0.499,-2.212,0,1,0,Cat_Symbols,0,44,0,NaN,0,0,0,4,0,0,0,5,1
52110.921,1,-0.499,-2.212,0,1,0,Cat_Symbols,0,44,0,NaN,0,0,0,4,0,0,0,5,1
52110.921,1,-0.499,-2.212,0,1,0,Cat_Symbols,0,44,0,NaN,0,0,0,4,0,0,0,5,1
52111.039,1,-0.499,-2.212,0,1,0,Cat_Symbols,0,44,0,NaN,0,0,0,4,0,0,0,5,1
52111.039,1,-0.499,-2.212,0,1,0,Cat_Symbols,0,44,0,NaN,0,0,0,4,0,0,0,5,1
52111.039,1,-0.499,-2.212,0,1,0,Cat_Symbols,0,44,0,NaN,0,0,0,4,0,0,0,5,1
52111.144,1,-0.499,-2.212,0,1,0,Cat_Symbols,0,44,0,NaN,0,0,0,4,0,0,0,5,1
52111.144,1,-0.499,-2.212,0,1,0,Cat_Symbols,0,44,0,NaN,0,0,0,4,0,0,0,5,1
52111.144,1,-0.499,-2.212,0,1,0,Cat_Symbols,0,44,0,NaN,0,0,0,4,0,0,0,5,1
52111.144,1,-0.499,-2.212,0,1,0,Cat_Symbols,0,44,0,NaN,0,0,0,4,0,0,0,5,1
52111.260,1,-0.499,-2.212,0,1,0,Cat_Symbols,0,44,0,NaN,0,0,0,4,0,0,0,5,1
52111.260,1,-0.499,-2.212,0,1,0,Cat_Symbols,0,44,0,NaN,0,0,0,4,0,0,0,5,1
52111.260,1,-0.499,-2.212,0,1,0,Cat_Symbols,0,44,0,NaN,0,0,0,4,0,0,0,5,1
52111.371,1,-0.499,-2.212,0,1,0,Cat_Symbols,0,44,0,NaN,0,0,0,4,0,0,0,5,1
52111.371,1,-0.499,-2.212,0,1,0,Cat_Symbols,0,44,0,NaN,0,0,0,4,0,0,0,5,1
52111.371,1,-0.499,-2.212,0,1,0,Cat_Symbols,0,44,0,NaN,0,0,0,4,0,0,0,5,1
52111.371,1,-0.499,-2.212,0,1,0,Cat_Symbols,0,44,0,NaN,0,0,0,4,0,0,0,5,1
52111.486,1,-0.499,-2.212,0,1,0,Cat_Symbols,0,44,0,NaN,0,0,0,4,0,0,0,5,1
52111.486,1,-0.499,-2.212,0,1,0,Cat_Symbols,0,44,0,NaN,0,0,0,4,0,0,0,5,1
52111.486,1,-0.499,-2.212,0,1,0,Cat_Symbols,0,44,0,NaN,0,0,0,4,0,0,0,5,1
52111.591,1,-0.499,-2.212,0,1,0,Cat_Symbols,0,44,0,NaN,0,0,0,4,0,0,0,5,1
52111.591,1,-0.499,-2.212,0,1,0,Cat_Symbols,0,44,0,NaN,0,0,0,4,0,0,0,5,1
52111.591,1,-0.499,-2.212,0,1,0,Cat_Symbols,0,44,0,NaN,0,0,0,4,0,0,0,5,1
52111.591,1,-0.499,-2.212,0,1,0,Cat_Symbols,0,44,0,NaN,0,0,0,4,0,0,0,5,1
52111.707,1,-0.499,-2.212,0,1,0,Cat_Symbols,0,44,0,NaN,0,0,0,4,0,0,0,5,1
52111.707,1,-0.499,-2.212,0,1,0,Cat_Symbols,0,44,0,NaN,0,0,0,4,0,0,0,5,1
52111.707,1,-0.499,-2.212,0,1,0,Cat_Symbols,0,44,0,NaN,0,0,0,4,0,0,0,5,1
52111.816,1,-0.499,-2.212,0,1,0,Cat_Symbols,0,44,0,NaN,0,0,0,4,0,0,0,5,1
52111.816,1,-0.499,-2.212,0,1,0,Cat_Symbols,0,44,0,NaN,0,0,0,4,0,0,0,5,1
52111.816,1,-0.499,-2.212,0,1,0,Cat_Symbols,0,44,0,NaN,0,0,0,4,0,0,0,5,1
52111.816,1,-0.499,-2.212,0,1,0,Cat_Symbols,0,44,0,NaN,0,0,0,4,0,0,0,5,1
52111.932,1,-0.499,-2.212,0,1,0,Cat_Symbols,0,44,0,NaN,0,0,0,4,0,0,0,5,1
52111.932,1,-0.499,-2.212,0,1,0,Cat_Symbols,0,44,0,NaN,0,0,0,4,0,0,0,5,1
52111.932,1,-0.499,-2.212,0,1,0,Cat_Symbols,0,44,0,NaN,0,0,0,4,0,0,0,5,1
52111.932,1,-0.499,-2.212,0,1,0,Cat_Symbols,0,44,0,NaN,0,0,0,4,0,0,0,5,1
52112.046,1,-0.499,-2.212,0,1,0,Cat_Symbols,0,44,0,NaN,0,0,0,4,0,0,0,5,1
52112.046,1,-0.499,-2.212,0,1,0,Cat_Symbols,0,44,0,NaN,0,0,0,4,0,0,0,5,1
52112.046,1,-0.499,-2.212,0,1,0,Cat_Symbols,0,44,0,NaN,0,0,0,4,0,0,0,5,1
52112.046,1,-0.499,-2.212,0,1,0,Cat_Symbols,0,44,0,NaN,0,0,0,4,0,0,0,5,1
52112.162,1,-0.499,-2.212,0,1,0,Cat_Symbols,0,44,0,NaN,0,0,0,4,0,0,0,5,1
52112.162,1,-0.499,-2.212,0,1,0,Cat_Symbols,0,44,0,NaN,0,0,0,4,0,0,0,5,1
52112.162,1,-0.499,-2.212,0,1,0,Cat_Symbols,0,44,0,NaN,0,0,0,4,0,0,0,5,1
52112.267,1,-0.499,-2.212,0,1,0,Cat_Symbols,0,44,0,NaN,0,0,0,4,0,0,0,5,1
52112.267,1,-0.499,-2.212,0,1,0,Cat_Symbols,0,44,0,NaN,0,0,0,4,0,0,0,5,1
52112.267,1,-0.499,-2.212,0,1,0,Cat_Symbols,0,44,0,NaN,0,0,0,4,0,0,0,5,1
52112.267,1,-0.499,-2.212,0,1,0,Cat_Symbols,0,44,0,NaN,0,0,0,4,0,0,0,5,1
52112.385,1,-0.499,-2.212,0,1,0,Cat_Symbols,0,44,0,NaN,0,0,0,4,0,0,0,5,1
52112.429,1,-0.499,-2.212,0,1,0,Cat_Symbols,0,44,0,NaN,0,0,0,4,0,0,0,5,1
52112.465,1,-0.499,-2.212,0,1,0,Cat_Symbols,0,44,0,NaN,0,0,0,4,0,0,0,5,1
52112.494,1,-0.499,-2.212,0,1,0,Cat_Symbols,0,44,0,NaN,0,0,0,4,0,0,0,5,1
52112.526,1,-0.499,-2.212,0,1,0,Cat_Symbols,0,44,0,NaN,0,0,0,4,0,0,0,5,1
52112.552,1,-0.499,-2.212,0,1,0,Cat_Symbols,0,44,0,NaN,0,0,0,4,0,0,0,5,1
52112.552,1,-0.499,-2.212,0,1,0,Cat_Symbols,0,44,0,NaN,0,0,0,4,0,0,0,5,1
52112.552,1,-0.499,-2.212,0,1,0,Cat_Symbols,0,44,0,NaN,0,0,0,4,0,0,0,5,1
52112.641,1,-0.499,-2.212,0,1,0,Cat_Symbols,0,44,0,NaN,0,0,0,4,0,0,0,5,1
52112.641,1,-0.499,-2.212,0,1,0,Cat_Symbols,0,44,0,NaN,0,0,0,4,0,0,0,5,1
52112.641,1,-0.499,-2.212,0,1,0,Cat_Symbols,0,44,0,NaN,0,0,0,4,0,0,0,5,1
52112.641,1,-0.499,-2.212,0,1,0,Cat_Symbols,0,44,0,NaN,0,0,0,4,0,0,0,5,1
52112.759,1,-0.499,-2.212,0,1,0,Cat_Symbols,0,44,0,NaN,0,0,0,4,0,0,0,5,1
52112.759,1,-0.499,-2.212,0,1,0,Cat_Symbols,0,44,0,NaN,0,0,0,4,0,0,0,5,1
52112.759,1,-0.499,-2.212,0,1,0,Cat_Symbols,0,44,0,NaN,0,0,0,4,0,0,0,5,1
52112.864,1,-0.499,-2.212,0,1,0,Cat_Symbols,0,44,0,NaN,0,0,0,4,0,0,0,5,1
52112.864,1,-0.499,-2.212,0,1,0,Cat_Symbols,0,44,0,NaN,0,0,0,4,0,0,0,5,1
52112.864,1,-0.499,-2.212,0,1,0,Cat_Symbols,0,44,0,NaN,0,0,0,4,0,0,0,5,1
52112.864,1,-0.499,-2.212,0,1,0,Cat_Symbols,0,44,0,NaN,0,0,0,4,0,0,0,5,1
52112.981,1,-0.499,-2.212,0,1,0,Cat_Symbols,0,44,0,NaN,0,0,0,4,0,0,0,5,1
52112.981,1,-0.499,-2.212,0,1,0,Cat_Symbols,0,44,0,NaN,0,0,0,4,0,0,0,5,1
52112.981,1,-0.499,-2.212,0,1,0,Cat_Symbols,0,44,0,NaN,0,0,0,4,0,0,0,5,1
52113.094,1,-0.499,-2.212,0,1,0,Cat_Symbols,0,44,0,NaN,0,0,0,4,0,0,0,5,1
52113.094,1,-0.499,-2.212,0,1,0,Cat_Symbols,0,44,0,NaN,0,0,0,4,0,0,0,5,1
52113.094,1,-0.499,-2.212,0,1,0,Cat_Symbols,0,44,0,NaN,0,0,0,4,0,0,0,5,1
52113.094,1,-0.499,-2.212,0,1,0,Cat_Symbols,0,44,0,NaN,0,0,0,4,0,0,0,5,1
52113.209,1,-0.499,-2.212,0,1,0,Cat_Symbols,0,44,0,NaN,0,0,0,4,0,0,0,5,1
52113.209,1,-0.499,-2.212,0,1,0,Cat_Symbols,0,44,0,NaN,0,0,0,4,0,0,0,5,1
52113.209,1,-0.499,-2.212,0,1,0,Cat_Symbols,0,44,0,NaN,0,0,0,4,0,0,0,5,1
52113.318,1,-0.499,-2.212,0,1,0,Cat_Symbols,0,44,0,NaN,0,0,0,4,0,0,0,5,1
52113.318,1,-0.499,-2.212,0,1,0,Cat_Symbols,0,44,0,NaN,0,0,0,4,0,0,0,5,1
52113.318,1,-0.499,-2.212,0,1,0,Cat_Symbols,0,44,0,NaN,0,0,0,4,0,0,0,5,1
52113.318,1,-0.499,-2.212,0,1,0,Cat_Symbols,0,44,0,NaN,0,0,0,4,0,0,0,5,1
52113.433,1,-0.499,-2.212,0,1,0,Cat_Symbols,0,44,0,NaN,0,0,0,4,0,0,0,5,1
52113.433,1,-0.499,-2.212,0,1,0,Cat_Symbols,0,44,0,NaN,0,0,0,4,0,0,0,5,1
52113.433,1,-0.499,-2.212,0,1,0,Cat_Symbols,0,44,0,NaN,0,0,0,4,0,0,0,5,1
52113.433,1,-0.499,-2.212,0,1,0,Cat_Symbols,0,44,0,NaN,0,0,0,4,0,0,0,5,1
52113.537,1,-0.499,-2.212,0,1,0,Cat_Symbols,0,44,0,NaN,0,0,0,4,0,0,0,5,1
52113.537,1,-0.499,-2.212,0,1,0,Cat_Symbols,0,44,0,NaN,0,0,0,4,0,0,0,5,1
52113.537,1,-0.499,-2.212,0,1,0,Cat_Symbols,0,44,0,NaN,0,0,0,4,0,0,0,5,1
52113.656,1,-0.499,-2.212,0,1,0,Cat_Symbols,0,44,0,NaN,0,0,0,4,0,0,0,5,1
52113.656,1,-0.499,-2.212,0,1,0,Cat_Symbols,0,44,0,NaN,0,0,0,4,0,0,0,5,1
52113.656,1,-0.499,-2.212,0,1,0,Cat_Symbols,0,44,0,NaN,0,0,0,4,0,0,0,5,1
52113.656,1,-0.499,-2.212,0,1,0,Cat_Symbols,0,44,0,NaN,0,0,0,4,0,0,0,5,1
52113.656,1,-0.499,-2.212,0,1,0,Cat_Symbols,0,44,0,NaN,0,0,0,4,0,0,0,5,1
52113.779,1,-0.499,-2.212,0,1,0,Cat_Symbols,0,44,0,NaN,0,0,0,4,0,0,0,5,1
52113.779,1,-0.499,-2.212,0,1,0,Cat_Symbols,0,44,0,NaN,0,0,0,4,0,0,0,5,1
52113.779,1,-0.499,-2.212,0,1,0,Cat_Symbols,0,44,0,NaN,0,0,0,4,0,0,0,5,1
52113.895,1,-0.499,-2.212,0,1,0,Cat_Symbols,0,44,0,NaN,0,0,0,4,0,0,0,5,1
52113.895,1,-0.499,-2.212,0,1,0,Cat_Symbols,0,44,0,NaN,0,0,0,4,0,0,0,5,1
52113.895,1,-0.499,-2.212,0,1,0,Cat_Symbols,0,44,0,NaN,0,0,0,4,0,0,0,5,1
52113.895,1,-0.499,-2.212,0,1,0,Cat_Symbols,0,44,0,NaN,0,0,0,4,0,0,0,5,1
52114.002,1,-0.499,-2.212,0,1,0,Cat_Symbols,0,44,0,NaN,0,0,0,4,0,0,0,5,1
52114.002,1,-0.499,-2.212,0,1,0,Cat_Symbols,0,44,0,NaN,0,0,0,4,0,0,0,5,1
52114.002,1,-0.499,-2.212,0,1,0,Cat_Symbols,0,44,0,NaN,0,0,0,4,0,0,0,5,1
52114.117,1,-0.499,-2.212,0,1,0,Cat_Symbols,0,44,0,NaN,0,0,0,4,0,0,0,5,1
52114.117,1,-0.499,-2.212,0,1,0,Cat_Symbols,0,44,0,NaN,0,0,0,4,0,0,0,5,1
52114.117,1,-0.499,-2.212,0,1,0,Cat_Symbols,0,44,0,NaN,0,0,0,4,0,0,0,5,1
52114.117,1,-0.499,-2.212,0,1,0,Cat_Symbols,0,44,0,NaN,0,0,0,4,0,0,0,5,1
52114.225,1,-0.499,-2.212,0,1,0,Cat_Symbols,0,44,0,NaN,0,0,0,4,0,0,0,5,1
52114.225,1,-0.499,-2.212,0,1,0,Cat_Symbols,0,44,0,NaN,0,0,0,4,0,0,0,5,1
52114.225,1,-0.499,-2.212,0,1,0,Cat_Symbols,0,44,0,NaN,0,0,0,4,0,0,0,5,1
52114.225,1,-0.499,-2.212,0,1,0,Cat_Symbols,0,44,0,NaN,0,0,0,4,0,0,0,5,1
52114.339,1,-0.499,-2.212,0,1,0,Cat_Symbols,0,44,0,NaN,0,0,0,4,0,0,0,5,1
52114.339,1,-0.499,-2.212,0,1,0,Cat_Symbols,0,44,0,NaN,0,0,0,4,0,0,0,5,1
52114.339,1,-0.499,-2.212,0,1,0,Cat_Symbols,0,44,0,NaN,0,0,0,4,0,0,0,5,1
52114.339,1,-0.499,-2.212,0,1,0,Cat_Symbols,0,44,0,NaN,0,0,0,4,0,0,0,5,1
52114.462,1,-0.499,-2.212,0,1,0,Cat_Symbols,0,44,0,NaN,0,0,0,4,0,0,0,5,1
52114.462,1,-0.499,-2.212,0,1,0,Cat_Symbols,0,44,0,NaN,0,0,0,4,0,0,0,5,1
52114.462,1,-0.499,-2.212,0,1,0,Cat_Symbols,0,44,0,NaN,0,0,0,4,0,0,0,5,1
52114.576,1,-0.499,-2.212,0,1,0,Cat_Symbols,0,44,0,NaN,0,0,0,4,0,0,0,5,1